season,round,pick,Team Abbr,gsis_id,pfr_player_id,cfb_player_id,pfr_player_name,hof,position,category,side,college,age,to,allpro,probowls,seasons_started,w_av,car_av,dr_av,games,pass_completions,pass_attempts,pass_yards,pass_tds,pass_ints,rush_atts,rush_yards,rush_tds,receptions,rec_yards,rec_tds,def_solo_tackles,def_ints,def_sacks
2000,1,1,CLE,,BrowCo22,courtney-brown-1,Courtney Brown,False,DE,DL,D,Penn St.,22.0,2005.0,0,0,4,27.0,,21.0,61.0,0.0,0.0,0.0,0.0,0.0,0.0,0.0,0.0,0.0,0.0,0.0,156.0,,19.0
2000,1,6,PHI,,SimoCo00,corey-simon-1,Corey Simon,False,DT,DL,D,Florida St.,23.0,2007.0,0,1,6,45.0,,41.0,95.0,0.0,0.0,0.0,0.0,0.0,0.0,0.0,0.0,0.0,0.0,0.0,194.0,,32.0
2000,1,12,NYJ,,ElliSh00,,Shaun Ellis,False,DE,DL,D,Tennessee,23.0,2011.0,0,2,11,70.0,,68.0,184.0,0.0,0.0,0.0,0.0,0.0,0.0,0.0,0.0,0.0,0.0,0.0,411.0,1.0,73.5
2000,1,13,NYJ,,AbraJo00,,John Abraham,False,DE,DL,D,South Carolina,22.0,2014.0,2,5,11,91.0,,37.0,192.0,0.0,0.0,0.0,0.0,0.0,0.0,0.0,0.0,0.0,0.0,0.0,463.0,1.0,133.5
2000,1,25,MIN,,HovaCh20,,Chris Hovan,False,DT,DL,D,Boston Col.,22.0,2009.0,0,0,10,56.0,,23.0,156.0,0.0,0.0,0.0,0.0,0.0,0.0,0.0,0.0,0.0,0.0,0.0,309.0,,22.0
2000,2,33,NO,,HowaDa21,darren-howard-1,Darren Howard,False,DE,DL,D,Kansas St.,23.0,2009.0,0,0,6,42.0,,31.0,145.0,0.0,0.0,0.0,0.0,0.0,0.0,0.0,0.0,0.0,0.0,0.0,274.0,3.0,67.0
2000,2,35,SF,,EngeJo20,john-engelberger-1,John Engelberger,False,DE,DL,D,Virginia Tech,23.0,2008.0,0,0,5,31.0,,23.0,139.0,0.0,0.0,0.0,0.0,0.0,0.0,0.0,0.0,0.0,0.0,0.0,211.0,,20.5
2000,2,42,NYG,,GrifCo20,,Cornelius Griffin,False,DT,DL,D,Alabama,23.0,2009.0,0,0,9,58.0,,20.0,146.0,0.0,0.0,0.0,0.0,0.0,0.0,0.0,0.0,0.0,0.0,0.0,340.0,2.0,29.0
2000,2,55,MIN,,RobbFr20,,Fred Robbins,False,DT,DL,D,Wake Forest,23.0,2011.0,0,0,10,51.0,,9.0,180.0,0.0,0.0,0.0,0.0,0.0,0.0,0.0,0.0,0.0,0.0,0.0,272.0,3.0,35.5
2000,3,71,ARI,,WalkDa21,,Darwin Walker,False,DT,DL,D,Tennessee,23.0,2008.0,0,0,5,38.0,,0.0,109.0,0.0,0.0,0.0,0.0,0.0,0.0,0.0,0.0,0.0,0.0,0.0,167.0,1.0,28.5
2000,3,72,PIT,,ClanKe20,,Kendrick Clancy,False,DT,DL,D,Mississippi,21.0,2009.0,0,0,3,24.0,,6.0,109.0,0.0,0.0,0.0,0.0,0.0,0.0,0.0,0.0,0.0,0.0,0.0,126.0,1.0,5.5
2000,4,120,CAR,,McKiAl20,,Alvin McKinley,False,DE,DL,D,Mississippi St.,22.0,2007.0,0,0,3,22.0,,1.0,97.0,0.0,0.0,0.0,0.0,0.0,0.0,0.0,0.0,0.0,0.0,0.0,146.0,,11.5
2000,5,139,STL,,YounBr20,brian-young-1,Brian Young,False,DT,DL,D,Texas-El Paso,23.0,2008.0,0,0,6,39.0,,17.0,123.0,0.0,0.0,0.0,0.0,0.0,0.0,0.0,0.0,0.0,0.0,0.0,230.0,1.0,22.5
2000,5,149,GB,,GbajKa20,,Kabeer Gbaja-Biamila,False,DE,DL,D,San Diego St.,22.0,2008.0,0,1,5,43.0,,43.0,124.0,0.0,0.0,0.0,0.0,0.0,0.0,0.0,0.0,0.0,0.0,0.0,225.0,1.0,74.5
2000,6,197,TEN,,SmitRo21,robaire-smith-1,Robaire Smith,False,DE,DL,D,Michigan St.,22.0,2010.0,0,0,6,39.0,,14.0,134.0,0.0,0.0,0.0,0.0,0.0,0.0,0.0,0.0,0.0,0.0,0.0,265.0,,21.0
2000,7,241,JAX,,MeieRo20,,Rob Meier,False,DE,DL,D,Washington St.,23.0,2008.0,0,0,3,30.0,,30.0,138.0,0.0,0.0,0.0,0.0,0.0,0.0,0.0,0.0,0.0,0.0,0.0,187.0,,21.5
2001,1,3,CLE,,WarrGe20,,Gerard Warren,False,DT,DL,D,Florida,23.0,2011.0,0,0,9,49.0,,25.0,163.0,0.0,0.0,0.0,0.0,0.0,0.0,0.0,0.0,0.0,0.0,0.0,253.0,,36.5
2001,1,4,CIN,,SmitJu20,,Justin Smith,False,DE,DL,D,Missouri,21.0,2014.0,1,5,14,101.0,,27.0,221.0,0.0,0.0,0.0,0.0,0.0,0.0,0.0,0.0,0.0,0.0,0.0,615.0,3.0,87.0
2001,1,6,NE,,SeymRi00,,Richard Seymour,True,DE,DL,D,Georgia,21.0,2012.0,3,7,11,91.0,,73.0,164.0,0.0,0.0,0.0,0.0,0.0,0.0,0.0,0.0,0.0,0.0,0.0,326.0,2.0,57.5
2001,1,7,SF,,CartAn20,andre-carter-1,Andre Carter,False,DE,DL,D,California,22.0,2013.0,0,1,10,59.0,,22.0,184.0,0.0,0.0,0.0,0.0,0.0,0.0,0.0,0.0,0.0,0.0,0.0,388.0,,80.5
2001,1,12,STL,,LewiDa20,,Damione Lewis,False,DT,DL,D,Miami (FL),23.0,2010.0,0,0,3,32.0,,13.0,141.0,0.0,0.0,0.0,0.0,0.0,0.0,0.0,0.0,0.0,0.0,0.0,201.0,,23.5
2001,1,13,JAX,,StroMa01,,Marcus Stroud,False,DT,DL,D,Georgia,23.0,2010.0,0,3,9,67.0,,50.0,146.0,0.0,0.0,0.0,0.0,0.0,0.0,0.0,0.0,0.0,0.0,0.0,314.0,,29.5
2001,1,19,PIT,,HampCa00,casey-hampton-1,Casey Hampton,False,NT,DL,D,Texas,24.0,2012.0,0,5,11,73.0,,73.0,173.0,0.0,0.0,0.0,0.0,0.0,0.0,0.0,0.0,0.0,0.0,0.0,231.0,,9.0
2001,1,29,STL,,PickRy20,,Ryan Pickett,False,DT,DL,D,Ohio St.,21.0,2014.0,0,0,13,58.0,,22.0,207.0,0.0,0.0,0.0,0.0,0.0,0.0,0.0,0.0,0.0,0.0,0.0,386.0,,9.5
2001,2,34,ARI,,VandKy99,,Kyle Vanden Bosch,False,DE,DL,D,Nebraska,22.0,2012.0,0,3,9,58.0,,7.0,152.0,0.0,0.0,0.0,0.0,0.0,0.0,0.0,0.0,0.0,0.0,0.0,336.0,,58.0
2001,2,44,CAR,,JenkKr00,,Kris Jenkins,False,DT,DL,D,Maryland,22.0,2010.0,2,4,6,68.0,,54.0,108.0,0.0,0.0,0.0,0.0,0.0,0.0,0.0,0.0,0.0,0.0,0.0,220.0,,24.0
2001,2,46,BUF,,SchoAa99,aaron-schobel-1,Aaron Schobel,False,DE,DL,D,TCU,24.0,2009.0,0,2,8,62.0,,62.0,133.0,0.0,0.0,0.0,0.0,0.0,0.0,0.0,0.0,0.0,0.0,0.0,334.0,3.0,78.0
2001,2,61,DET,,RogeSh99,,Shaun Rogers,False,DT,DL,D,Texas,22.0,2013.0,0,3,8,57.0,,40.0,163.0,0.0,0.0,0.0,0.0,0.0,0.0,0.0,0.0,0.0,0.0,0.0,374.0,1.0,37.5
2001,3,63,PHI,,BurgDe99,derrick-burgess-1,Derrick Burgess,False,DE,DL,D,Mississippi,23.0,2010.0,0,2,4,40.0,,8.0,102.0,0.0,0.0,0.0,0.0,0.0,0.0,0.0,0.0,0.0,0.0,0.0,215.0,,52.0
2001,3,76,BUF,,EdwaRo20,,Ron Edwards,False,DT,DL,D,Texas A&M,22.0,2012.0,0,0,6,37.0,,10.0,139.0,0.0,0.0,0.0,0.0,0.0,0.0,0.0,0.0,0.0,0.0,0.0,146.0,,16.5
2001,3,87,DEN,,HaywRe20,,Reggie Hayward,False,DE,DL,D,Iowa St.,22.0,2009.0,0,0,3,32.0,,13.0,92.0,0.0,0.0,0.0,0.0,0.0,0.0,0.0,0.0,0.0,0.0,0.0,144.0,1.0,39.5
2002,1,2,CAR,00-0021140,PeppJu99,julius-peppers-1,Julius Peppers,False,DE,DL,D,North Carolina,22.0,2018.0,3,9,16,130.0,,75.0,266.0,0.0,0.0,0.0,0.0,0.0,0.0,0.0,0.0,0.0,0.0,0.0,557.0,11.0,159.5
2002,1,6,KC,,SimsRy20,,Ryan Sims,False,DT,DL,D,North Carolina,22.0,2010.0,0,0,3,22.0,,14.0,105.0,0.0,0.0,0.0,0.0,0.0,0.0,0.0,0.0,0.0,0.0,0.0,115.0,1.0,8.5
2002,1,9,JAX,,HendJo99,john-henderson-1,John Henderson,False,DT,DL,D,Tennessee,23.0,2011.0,0,2,8,64.0,,62.0,146.0,0.0,0.0,0.0,0.0,0.0,0.0,0.0,0.0,0.0,0.0,0.0,382.0,,29.0
2002,1,11,IND,,FreeDw00,dwight-freeney-1,Dwight Freeney,False,DE,DL,D,Syracuse,22.0,2017.0,3,7,11,81.0,,77.0,218.0,0.0,0.0,0.0,0.0,0.0,0.0,0.0,0.0,0.0,0.0,0.0,299.0,,125.5
2002,1,15,TEN,,HaynAl20,,Albert Haynesworth,False,DT,DL,D,Tennessee,21.0,2011.0,2,2,7,55.0,,48.0,123.0,0.0,0.0,0.0,0.0,0.0,0.0,0.0,0.0,0.0,0.0,0.0,262.0,,30.5
2002,1,22,NYJ,,ThomBr21,bryan-thomas-1,Bryan Thomas,False,DE,DL,D,Ala-Birmingham,23.0,2012.0,0,0,7,49.0,,49.0,157.0,0.0,0.0,0.0,0.0,0.0,0.0,0.0,0.0,0.0,0.0,0.0,329.0,,33.5
2002,1,25,NO,,GranCh21,charles-grant-1,Charles Grant,False,DE,DL,D,Georgia,24.0,2009.0,0,0,7,46.0,,46.0,118.0,0.0,0.0,0.0,0.0,0.0,0.0,0.0,0.0,0.0,0.0,0.0,335.0,1.0,47.0
2002,2,42,IND,,TripLa20,,Larry Tripplett,False,DT,DL,D,Washington,23.0,2007.0,0,0,4,27.0,,14.0,92.0,0.0,0.0,0.0,0.0,0.0,0.0,0.0,0.0,0.0,0.0,0.0,147.0,1.0,8.5
2002,2,52,BAL,,WeavAn20,anthony-weaver-1,Anthony Weaver,False,DE,DL,D,Notre Dame,22.0,2008.0,0,0,6,41.0,,28.0,103.0,0.0,0.0,0.0,0.0,0.0,0.0,0.0,0.0,0.0,0.0,0.0,208.0,3.0,15.5
2002,4,104,CHI,,BrowAl20,alex-brown-1,Alex Brown,False,DE,DL,D,Florida,23.0,2010.0,0,0,8,59.0,,54.0,143.0,0.0,0.0,0.0,0.0,0.0,0.0,0.0,0.0,0.0,0.0,0.0,346.0,5.0,45.5
2002,5,139,BUF,,BannJu20,justin-bannan-1,Justin Bannan,False,DT,DL,D,Colorado,23.0,2013.0,0,0,4,36.0,,6.0,163.0,0.0,0.0,0.0,0.0,0.0,0.0,0.0,0.0,0.0,0.0,0.0,220.0,1.0,6.5
2002,5,146,SEA,,BernRo20,,Rocky Bernard,False,DT,DL,D,Texas A&M,23.0,2012.0,0,0,3,35.0,,29.0,160.0,0.0,0.0,0.0,0.0,0.0,0.0,0.0,0.0,0.0,0.0,0.0,270.0,,33.0
2002,5,147,OAK,,ColeKe20,,Kenyon Coleman,False,DE,DL,D,UCLA,23.0,2012.0,0,0,5,38.0,,0.0,141.0,0.0,0.0,0.0,0.0,0.0,0.0,0.0,0.0,0.0,0.0,0.0,275.0,,13.5
2002,5,156,GB,,KampAa99,aaron-kampman-1,Aaron Kampman,False,DE,DL,D,Iowa,22.0,2011.0,0,2,7,55.0,,54.0,123.0,0.0,0.0,0.0,0.0,0.0,0.0,0.0,0.0,0.0,0.0,0.0,338.0,,58.0
2002,7,238,PHI,,BrocRa20,raheem-brock-1,Raheem Brock,False,DE,DL,D,Temple,24.0,2011.0,0,0,6,43.0,,,152.0,0.0,0.0,0.0,0.0,0.0,0.0,0.0,0.0,0.0,0.0,0.0,269.0,,40.5
2002,7,242,PIT,,KeisBr20,,Brett Keisel,False,DE,DL,D,BYU,23.0,2014.0,0,1,8,58.0,,58.0,156.0,0.0,0.0,0.0,0.0,0.0,0.0,0.0,0.0,0.0,0.0,0.0,253.0,2.0,30.0
2003,1,4,NYJ,,RobeDe20,,Dewayne Robertson,False,DT,DL,D,Kentucky,21.0,2008.0,0,0,6,34.0,,31.0,92.0,0.0,0.0,0.0,0.0,0.0,0.0,0.0,0.0,0.0,0.0,0.0,195.0,,16.0
2003,1,9,MIN,,WillKe98,,Kevin Williams,False,DT,DL,D,Oklahoma St.,23.0,2015.0,5,6,12,102.0,,98.0,203.0,0.0,0.0,0.0,0.0,0.0,0.0,0.0,0.0,0.0,0.0,0.0,370.0,5.0,63.0
2003,1,13,NE,,WarrTy20,,Ty Warren,False,DE,DL,D,Texas A&M,22.0,2012.0,0,0,6,45.0,,45.0,106.0,0.0,0.0,0.0,0.0,0.0,0.0,0.0,0.0,0.0,0.0,0.0,253.0,,20.5
2003,1,18,ARI,,PaceCa20,,Calvin Pace,False,DE,DL,D,Wake Forest,22.0,2015.0,0,0,10,61.0,,13.0,187.0,0.0,0.0,0.0,0.0,0.0,0.0,0.0,0.0,0.0,0.0,0.0,470.0,3.0,60.0
2003,1,32,OAK,,BrayTy20,tyler-brayton-1,Tyler Brayton,False,DE,DL,D,Colorado,23.0,2011.0,0,0,6,40.0,,17.0,141.0,0.0,0.0,0.0,0.0,0.0,0.0,0.0,0.0,0.0,0.0,0.0,252.0,1.0,17.5
2003,2,48,BUF,,KelsCh21,,Chris Kelsay,False,DE,DL,D,Nebraska,23.0,2012.0,0,0,8,46.0,,46.0,147.0,0.0,0.0,0.0,0.0,0.0,0.0,0.0,0.0,0.0,0.0,0.0,293.0,3.0,32.5
2003,2,56,NYG,,UmenOs99,,Osi Umenyiora,False,DE,DL,D,Troy,21.0,2014.0,1,2,6,63.0,,57.0,161.0,0.0,0.0,0.0,0.0,0.0,0.0,0.0,0.0,0.0,0.0,0.0,316.0,1.0,85.0
2003,2,57,SF,,AdamAn20,,Anthony Adams,False,DT,DL,D,Penn St.,23.0,2011.0,0,0,4,33.0,,13.0,121.0,0.0,0.0,0.0,0.0,0.0,0.0,0.0,0.0,0.0,0.0,0.0,214.0,,10.5
2003,3,66,DET,,ReddCo20,cory-redding-1,Cory Redding,False,DE,DL,D,Texas,22.0,2015.0,0,0,10,54.0,,26.0,188.0,0.0,0.0,0.0,0.0,0.0,0.0,0.0,0.0,0.0,0.0,0.0,309.0,2.0,35.5
2003,4,109,BAL,,JohnJa23,,Jarret Johnson,False,DE,DL,D,Alabama,22.0,2014.0,0,0,9,55.0,,45.0,184.0,0.0,0.0,0.0,0.0,0.0,0.0,0.0,0.0,0.0,0.0,0.0,368.0,3.0,25.5
2003,4,116,CHI,,ScotIa20,ian-scott-1,Ian Scott,False,DT,DL,D,Florida,21.0,2009.0,0,0,3,22.0,,19.0,65.0,0.0,0.0,0.0,0.0,0.0,0.0,0.0,0.0,0.0,0.0,0.0,90.0,1.0,3.0
2003,5,138,IND,,MathRo20,,Robert Mathis,False,DE,DL,D,Alabama A&M,22.0,2016.0,1,5,9,67.0,,67.0,192.0,0.0,0.0,0.0,0.0,0.0,0.0,0.0,0.0,0.0,0.0,0.0,408.0,1.0,123.0
2003,5,146,BAL,,FranAu20,,Aubrayo Franklin,False,DT,DL,D,Tennessee,23.0,2013.0,0,0,7,42.0,,3.0,142.0,0.0,0.0,0.0,0.0,0.0,0.0,0.0,0.0,0.0,0.0,0.0,195.0,1.0,4.0
2004,1,14,CHI,,HarrTo99,tommie-harris-1,Tommie Harris,False,DT,DL,D,Oklahoma,21.0,2011.0,0,3,6,56.0,,55.0,117.0,0.0,0.0,0.0,0.0,0.0,0.0,0.0,0.0,0.0,0.0,0.0,187.0,1.0,31.5
2004,1,18,NO,,SmitWi99,will-smith-1,Will Smith,False,DE,DL,D,Ohio St.,23.0,2012.0,0,1,7,52.0,,52.0,139.0,0.0,0.0,0.0,0.0,0.0,0.0,0.0,0.0,0.0,0.0,0.0,329.0,2.0,67.5
2004,1,20,MIN,,UdezKe20,kenechi-udeze-1,Kenechi Udeze,False,DE,DL,D,USC,21.0,2007.0,0,0,3,20.0,,20.0,51.0,0.0,0.0,0.0,0.0,0.0,0.0,0.0,0.0,0.0,0.0,0.0,86.0,,11.0
2004,1,21,NE,,WilfVi20,vince-wilfork-1,Vince Wilfork,False,NT,DL,D,Miami (FL),22.0,2016.0,1,5,11,90.0,,81.0,189.0,0.0,0.0,0.0,0.0,0.0,0.0,0.0,0.0,0.0,0.0,0.0,367.0,3.0,16.0
2004,2,35,SD,,OlshIg20,igor-olshansky-1,Igor Olshansky,False,DE,DL,D,Oregon,22.0,2011.0,0,0,7,39.0,,28.0,115.0,0.0,0.0,0.0,0.0,0.0,0.0,0.0,0.0,0.0,0.0,0.0,166.0,1.0,12.5
2004,2,42,TEN,,LaBoTr20,travis-laboy-1,Travis LaBoy,False,DE,DL,D,Hawaii,23.0,2011.0,0,0,3,21.0,,10.0,95.0,0.0,0.0,0.0,0.0,0.0,0.0,0.0,0.0,0.0,0.0,0.0,147.0,1.0,29.5
2004,2,51,BAL,,EdwaDw20,,Dwan Edwards,False,DT,DL,D,Oregon St.,23.0,2015.0,0,0,5,32.0,,15.0,136.0,0.0,0.0,0.0,0.0,0.0,0.0,0.0,0.0,0.0,0.0,0.0,221.0,3.0,19.5
2004,2,57,TEN,,OdomAn20,,Antwan Odom,False,DE,DL,D,Alabama,22.0,2010.0,0,0,4,24.0,,16.0,74.0,0.0,0.0,0.0,0.0,0.0,0.0,0.0,0.0,0.0,0.0,0.0,97.0,,23.5
2004,3,64,ARI,,DockDa20,darnell-dockett-1,Darnell Dockett,False,DT,DL,D,Florida St.,23.0,2013.0,0,3,10,69.0,,69.0,158.0,0.0,0.0,0.0,0.0,0.0,0.0,0.0,0.0,0.0,0.0,0.0,358.0,4.0,40.5
2004,3,71,TEN,,StarRa20,,Randy Starks,False,DT,DL,D,Maryland,20.0,2015.0,0,2,8,61.0,,10.0,186.0,0.0,0.0,0.0,0.0,0.0,0.0,0.0,0.0,0.0,0.0,0.0,300.0,4.0,42.0
2004,4,98,SD,,PhilSh20,shaun-phillips-1,Shaun Phillips,False,DE,DL,D,Purdue,23.0,2014.0,0,1,8,54.0,,48.0,168.0,0.0,0.0,0.0,0.0,0.0,0.0,0.0,0.0,0.0,0.0,0.0,406.0,7.0,81.5
2004,4,104,SF,,SopoIs20,,Isaac Sopoaga,False,DT,DL,D,Hawaii,23.0,2013.0,0,0,5,38.0,,35.0,139.0,0.0,0.0,0.0,0.0,0.0,0.0,0.0,0.0,1.0,18.0,0.0,158.0,,8.5
2004,4,117,CIN,,GeatRo21,robert-geathers-1,Robert Geathers,False,DE,DL,D,Georgia,21.0,2014.0,0,0,7,46.0,,46.0,152.0,0.0,0.0,0.0,0.0,0.0,0.0,0.0,0.0,0.0,0.0,0.0,184.0,3.0,34.0
2004,4,126,KC,,AlleJa22,,Jared Allen,False,DE,DL,D,Idaho St.,22.0,2015.0,4,5,12,101.0,,31.0,187.0,0.0,0.0,0.0,0.0,0.0,0.0,0.0,0.0,2.0,3.0,2.0,503.0,6.0,136.0
2004,5,135,ARI,,SmitAn22,,Antonio Smith,False,DE,DL,D,Oklahoma St.,22.0,2016.0,0,1,8,56.0,,14.0,186.0,0.0,0.0,0.0,0.0,0.0,0.0,0.0,0.0,0.0,0.0,0.0,247.0,,47.5
2004,6,179,GB,,WillCo21,,Corey Williams,False,DT,DL,D,Arkansas St.,24.0,2012.0,0,0,5,33.0,,11.0,126.0,0.0,0.0,0.0,0.0,0.0,0.0,0.0,0.0,0.0,0.0,0.0,200.0,2.0,27.5
2005,1,16,HOU,,JohnTr20,,Travis Johnson,False,DT,DL,D,Florida St.,23.0,2010.0,0,0,3,17.0,,15.0,76.0,0.0,0.0,0.0,0.0,0.0,0.0,0.0,0.0,0.0,0.0,0.0,109.0,1.0,3.0
2005,1,20,DAL,,SpeaMa21,marcus-spears-1,Marcus Spears,False,DE,DL,D,LSU,22.0,2013.0,0,0,6,36.0,,35.0,124.0,0.0,0.0,0.0,0.0,0.0,0.0,0.0,0.0,0.0,0.0,0.0,143.0,,10.0
2005,1,28,SD,,CastLu20,,Luis Castillo,False,DE,DL,D,Northwestern,22.0,2011.0,0,0,6,33.0,,33.0,82.0,0.0,0.0,0.0,0.0,0.0,0.0,0.0,0.0,0.0,0.0,0.0,152.0,2.0,19.0
2005,1,31,PHI,,PattMi20,mike-patterson-1,Mike Patterson,False,DT,DL,D,USC,22.0,2014.0,0,0,6,48.0,,44.0,147.0,0.0,0.0,0.0,0.0,0.0,0.0,0.0,0.0,0.0,0.0,0.0,287.0,1.0,16.5
2005,2,37,DET,,CodySh20,shaun-cody-1,Shaun Cody,False,DT,DL,D,USC,22.0,2012.0,0,0,4,28.0,,5.0,112.0,0.0,0.0,0.0,0.0,0.0,0.0,0.0,0.0,0.0,0.0,0.0,122.0,1.0,3.0
2005,2,46,MIA,,RothMa20,,Matt Roth,False,DE,DL,D,Iowa,22.0,2011.0,0,0,5,27.0,,14.0,96.0,0.0,0.0,0.0,0.0,0.0,0.0,0.0,0.0,0.0,0.0,0.0,216.0,,23.5
2005,2,59,ATL,,BabiJo20,jonathan-babineaux-1,Jonathan Babineaux,False,DE,DL,D,Iowa,23.0,2016.0,0,0,10,52.0,,52.0,185.0,0.0,0.0,0.0,0.0,0.0,0.0,0.0,0.0,0.0,0.0,0.0,291.0,4.0,27.0
2005,3,74,NYG,,TuckJu20,,Justin Tuck,False,DE,DL,D,Notre Dame,22.0,2015.0,1,2,7,65.0,,59.0,147.0,0.0,0.0,0.0,0.0,0.0,0.0,0.0,0.0,0.0,0.0,0.0,354.0,3.0,66.5
2005,3,88,NYJ,,PouhSi20,sione-pouha-1,Sione Pouha,False,DT,DL,D,Utah,26.0,2012.0,0,0,4,36.0,,36.0,106.0,0.0,0.0,0.0,0.0,0.0,0.0,0.0,0.0,0.0,0.0,0.0,193.0,,4.5
2005,4,132,DAL,,CantCh21,,Chris Canty,False,DE,DL,D,Virginia,22.0,2015.0,0,0,9,46.0,,20.0,148.0,0.0,0.0,0.0,0.0,0.0,0.0,0.0,0.0,0.0,0.0,0.0,234.0,,22.5
2005,5,146,PHI,,ColeTr20,trent-cole-1,Trent Cole,False,DE,DL,D,Cincinnati,22.0,2016.0,0,2,9,68.0,,66.0,176.0,0.0,0.0,0.0,0.0,0.0,0.0,0.0,0.0,0.0,0.0,0.0,467.0,1.0,90.5
2005,6,189,CAR,,HayeJo20,jovan-haye-1,Jovan Haye,False,DE,DL,D,Vanderbilt,23.0,2011.0,0,0,3,25.0,,0.0,73.0,0.0,0.0,0.0,0.0,0.0,0.0,0.0,0.0,0.0,0.0,0.0,128.0,,6.5
2005,7,216,MIA,,VickKe99,,Kevin Vickerson,False,DT,DL,D,Michigan St.,22.0,2014.0,0,0,3,21.0,,,86.0,0.0,0.0,0.0,0.0,0.0,0.0,0.0,0.0,0.0,0.0,0.0,120.0,1.0,6.5
2005,7,224,DAL,,RatlJa20,jay-ratliff-1,Jay Ratliff,False,DE,DL,D,Auburn,24.0,2015.0,1,4,7,55.0,,51.0,122.0,0.0,0.0,0.0,0.0,0.0,0.0,0.0,0.0,0.0,0.0,0.0,195.0,,35.0
2006,1,1,HOU,,WillMa22,mario-williams-1,Mario Williams,False,DE,DL,D,North Carolina St.,21.0,2016.0,1,4,9,79.0,,36.0,158.0,0.0,0.0,0.0,0.0,0.0,0.0,0.0,0.0,0.0,0.0,0.0,317.0,,97.5
2006,1,12,BAL,00-0024227,NgatHa20,haloti-ngata-1,Haloti Ngata,False,DT,DL,D,Oregon,22.0,2018.0,2,5,12,100.0,,92.0,180.0,0.0,0.0,0.0,0.0,0.0,0.0,0.0,0.0,0.0,0.0,0.0,329.0,5.0,32.5
2006,1,13,CLE,,WimbKa20,kamerion-wimbley-1,Kamerion Wimbley,False,DE,DL,D,Florida St.,22.0,2014.0,0,0,8,44.0,,24.0,140.0,0.0,0.0,0.0,0.0,0.0,0.0,0.0,0.0,0.0,0.0,0.0,322.0,2.0,53.5
2006,1,14,PHI,,BunkBr20,brodrick-bunkley-1,Brodrick Bunkley,False,DT,DL,D,Florida St.,22.0,2014.0,0,0,7,40.0,,25.0,130.0,0.0,0.0,0.0,0.0,0.0,0.0,0.0,0.0,0.0,0.0,0.0,171.0,,8.5
2006,1,20,KC,,HaliTa20,tamba-hali-1,Tamba Hali,False,DE,DL,D,Penn St.,22.0,2017.0,0,5,10,75.0,,75.0,177.0,0.0,0.0,0.0,0.0,0.0,0.0,0.0,0.0,0.0,0.0,0.0,460.0,2.0,89.5
2006,1,22,SF,,LawsMa20,manny-lawson-1,Manny Lawson,False,DE,DL,D,North Carolina St.,22.0,2015.0,0,0,7,47.0,,23.0,143.0,0.0,0.0,0.0,0.0,0.0,0.0,0.0,0.0,0.0,0.0,0.0,352.0,4.0,24.5
2006,1,32,NYG,,KiwaMa20,mathias-kiwanuka-1,Mathias Kiwanuka,False,DE,DL,D,Boston Col.,23.0,2014.0,0,0,5,37.0,,37.0,120.0,0.0,0.0,0.0,0.0,0.0,0.0,0.0,0.0,0.0,0.0,0.0,301.0,3.0,38.5
2006,3,71,PHI,,GocoCh99,,Chris Gocong,False,DE,DL,D,Cal Poly-San Luis Obispo,22.0,2011.0,0,0,5,29.0,,15.0,79.0,0.0,0.0,0.0,0.0,0.0,0.0,0.0,0.0,0.0,0.0,0.0,228.0,,9.5
2006,3,91,CIN,00-0024306,RuckFr99,frostee-rucker-1,Frostee Rucker,False,DE,DL,D,USC,22.0,2018.0,0,0,5,39.0,,10.0,157.0,0.0,0.0,0.0,0.0,0.0,0.0,0.0,0.0,0.0,0.0,0.0,201.0,1.0,21.5
2006,3,92,DAL,,HatcJa20,,Jason Hatcher,False,DE,DL,D,Grambling St.,24.0,2015.0,0,1,5,34.0,,23.0,147.0,0.0,0.0,0.0,0.0,0.0,0.0,0.0,0.0,0.0,0.0,0.0,177.0,1.0,34.5
2006,4,123,CIN,00-0024338,PekoDo20,domata-peko-1,Domata Peko,False,DT,DL,D,Michigan St.,21.0,2020.0,0,0,12,68.0,,60.0,214.0,0.0,0.0,0.0,0.0,0.0,0.0,0.0,0.0,0.0,0.0,0.0,321.0,,20.0
2006,4,124,NYG,,CofiBa20,barry-cofield-1,Barry Cofield,False,DT,DL,D,Northwestern,22.0,2015.0,0,0,8,46.0,,30.0,138.0,0.0,0.0,0.0,0.0,0.0,0.0,0.0,0.0,0.0,0.0,0.0,208.0,,19.5
2006,4,126,DEN,,DumeEl20,elvis-dumervil-1,Elvis Dumervil,False,DE,DL,D,Louisville,22.0,2017.0,2,5,6,63.0,,41.0,162.0,0.0,0.0,0.0,0.0,0.0,0.0,0.0,0.0,0.0,0.0,0.0,263.0,1.0,105.5
2006,4,127,MIN,,EdwaRa21,ray-edwards-1,Ray Edwards,False,DE,DL,D,Purdue,21.0,2012.0,0,0,5,37.0,,28.0,97.0,0.0,0.0,0.0,0.0,0.0,0.0,0.0,0.0,0.0,0.0,0.0,168.0,,33.0
2006,5,134,BUF,00-0024348,WillKy20,kyle-williams-4,Kyle Williams,False,DT,DL,D,LSU,23.0,2018.0,0,6,11,79.0,,79.0,183.0,0.0,0.0,0.0,0.0,0.0,1.0,1.0,1.0,1.0,9.0,0.0,387.0,1.0,48.5
2006,5,135,NO,,NinkRo20,rob-ninkovich-1,Rob Ninkovich,False,DE,DL,D,Purdue,22.0,2016.0,0,0,7,51.0,,0.0,131.0,0.0,0.0,0.0,0.0,0.0,0.0,0.0,0.0,0.0,0.0,0.0,273.0,5.0,46.0
2006,5,140,SF,,HaraPa20,parys-haralson-1,Parys Haralson,False,DE,DL,D,Tennessee,22.0,2014.0,0,0,7,38.0,,31.0,118.0,0.0,0.0,0.0,0.0,0.0,0.0,0.0,0.0,0.0,0.0,0.0,190.0,,28.0
2006,6,183,GB,,JollJo20,johnny-jolly-1,Johnny Jolly,False,DT,DL,D,Texas A&M,23.0,2013.0,0,0,3,21.0,,21.0,61.0,0.0,0.0,0.0,0.0,0.0,0.0,0.0,0.0,0.0,0.0,0.0,89.0,1.0,3.0
2006,6,191,NE,,MincJe99,jeremy-mincey-1,Jeremy Mincey,False,DE,DL,D,Florida,22.0,2015.0,0,0,4,29.0,,,96.0,0.0,0.0,0.0,0.0,0.0,0.0,0.0,0.0,0.0,0.0,0.0,152.0,1.0,26.0
2006,6,196,WAS,,GolsKe20,kedric-golston-1,Kedric Golston,False,DT,DL,D,Georgia,23.0,2016.0,0,0,4,27.0,,27.0,142.0,0.0,0.0,0.0,0.0,0.0,0.0,0.0,0.0,0.0,0.0,0.0,137.0,,7.0
2007,1,8,ATL,,AndeJa98,jamaal-anderson-1,Jamaal Anderson,False,DE,DL,D,Arkansas,21.0,2012.0,0,0,3,20.0,,19.0,77.0,0.0,0.0,0.0,0.0,0.0,0.0,0.0,0.0,0.0,0.0,0.0,96.0,,7.5
2007,1,10,HOU,,OkoyAm99,amobi-okoye-1,Amobi Okoye,False,DT,DL,D,Louisville,20.0,2012.0,0,0,4,24.0,,21.0,87.0,0.0,0.0,0.0,0.0,0.0,0.0,0.0,0.0,0.0,0.0,0.0,118.0,,16.0
2007,1,13,STL,,CarrAd99,adam-carriker-1,Adam Carriker,False,DE,DL,D,Nebraska,23.0,2012.0,0,0,3,22.0,,9.0,65.0,0.0,0.0,0.0,0.0,0.0,0.0,0.0,0.0,0.0,0.0,0.0,86.0,,9.0
2007,1,26,DAL,,SpenAn99,anthony-spencer-1,Anthony Spencer,False,DE,DL,D,Purdue,23.0,2014.0,0,1,4,34.0,,34.0,104.0,0.0,0.0,0.0,0.0,0.0,0.0,0.0,0.0,0.0,0.0,0.0,272.0,1.0,33.0
2007,2,33,ARI,,BranAl99,alan-branch-1,Alan Branch,False,DT,DL,D,Michigan,22.0,2017.0,0,0,6,42.0,,4.0,146.0,0.0,0.0,0.0,0.0,0.0,0.0,0.0,0.0,0.0,0.0,0.0,185.0,,10.5
2007,2,46,PIT,,WoodLa99,lamarr-woodley-1,LaMarr Woodley,False,DE,DL,D,Michigan,22.0,2015.0,0,1,7,54.0,,50.0,110.0,0.0,0.0,0.0,0.0,0.0,0.0,0.0,0.0,0.0,0.0,0.0,229.0,5.0,58.0
2007,3,83,CAR,,JohnCh98,charles-johnson-1,Charles Johnson,False,DE,DL,D,Georgia,21.0,2017.0,0,0,8,47.0,,47.0,143.0,0.0,0.0,0.0,0.0,0.0,0.0,0.0,0.0,0.0,0.0,0.0,228.0,,67.5
2007,3,85,SEA,00-0025472,MebaBr99,brandon-mebane-1,Brandon Mebane,False,DT,DL,D,California,22.0,2019.0,0,0,13,63.0,,50.0,182.0,0.0,0.0,0.0,0.0,0.0,0.0,0.0,0.0,0.0,0.0,0.0,299.0,1.0,18.5
2007,3,97,SF,,McDoRa99,ray-mcdonald-1,Ray McDonald,False,DE,DL,D,Florida,22.0,2014.0,0,0,5,35.0,,35.0,115.0,0.0,0.0,0.0,0.0,0.0,0.0,0.0,0.0,0.0,0.0,0.0,156.0,1.0,19.5
2007,4,102,MIN,00-0025489,RobiBr98,brian-robison-1,Brian Robison,False,DE,DL,D,Texas,24.0,2017.0,0,0,6,46.0,,46.0,173.0,0.0,0.0,0.0,0.0,0.0,0.0,0.0,0.0,0.0,0.0,0.0,207.0,,60.0
2007,4,108,MIA,,SoliPa99,paul-soliai-1,Paul Soliai,False,DT,DL,D,Utah,23.0,2016.0,0,1,6,41.0,,32.0,138.0,0.0,0.0,0.0,0.0,0.0,0.0,0.0,0.0,0.0,0.0,0.0,159.0,,5.5
2007,5,152,TEN,,JohnAn03,antonio-johnson-3,Antonio Johnson,False,DT,DL,D,Mississippi St.,22.0,2013.0,0,0,3,21.0,,3.0,83.0,0.0,0.0,0.0,0.0,0.0,0.0,0.0,0.0,0.0,0.0,0.0,97.0,,4.5
2008,1,2,STL,00-0026142,LongCh99,chris-long-1,Chris Long,False,DE,DL,D,Virginia,23.0,2018.0,0,0,6,48.0,,40.0,162.0,0.0,0.0,0.0,0.0,0.0,0.0,0.0,0.0,0.0,0.0,0.0,252.0,,70.0
2008,1,5,KC,,DorsGl99,glenn-dorsey-1,Glenn Dorsey,False,DT,DL,D,LSU,23.0,2016.0,0,0,7,37.0,,26.0,104.0,0.0,0.0,0.0,0.0,0.0,0.0,0.0,0.0,0.0,0.0,0.0,223.0,,7.0
2008,1,7,NO,,ElliSe99,sedrick-ellis-1,Sedrick Ellis,False,DT,DL,D,USC,23.0,2012.0,0,0,5,26.0,,26.0,70.0,0.0,0.0,0.0,0.0,0.0,0.0,0.0,0.0,0.0,0.0,0.0,99.0,,12.5
2008,2,50,ARI,00-0026190,CampCa99,calais-campbell-1,Calais Campbell,False,DE,DL,D,Miami (FL),22.0,2023.0,1,6,14,109.0,,60.0,244.0,0.0,0.0,0.0,0.0,0.0,0.0,0.0,0.0,0.0,0.0,0.0,616.0,3.0,105.5
2008,2,54,TEN,,JoneJa99,jason-jones-1,Jason Jones,False,DE,DL,D,Eastern Michigan,22.0,2016.0,0,0,4,32.0,,14.0,109.0,0.0,0.0,0.0,0.0,0.0,0.0,0.0,0.0,0.0,0.0,0.0,155.0,,31.5
2008,3,66,MIA,00-0026206,LangKe98,,Kendall Langford,False,DE,DL,D,Hampton,22.0,2017.0,0,0,8,43.0,,21.0,136.0,0.0,0.0,0.0,0.0,0.0,0.0,0.0,0.0,0.0,0.0,0.0,208.0,,22.5
2008,3,77,CIN,,SimsPa99,pat-sims-1,Pat Sims,False,DT,DL,D,Auburn,22.0,2017.0,0,0,3,27.0,,19.0,130.0,0.0,0.0,0.0,0.0,0.0,0.0,0.0,0.0,0.0,0.0,0.0,169.0,1.0,9.0
2008,4,103,TEN,00-0026243,HayeWi99,,William Hayes,False,DE,DL,D,Winston-Salem St.,23.0,2018.0,0,0,4,32.0,,8.0,137.0,0.0,0.0,0.0,0.0,0.0,0.0,0.0,0.0,0.0,0.0,0.0,246.0,1.0,37.5
2008,4,121,SEA,,BryaRe99,red-bryant-1,Red Bryant,False,DT,DL,D,Texas A&M,24.0,2015.0,0,0,4,31.0,,26.0,86.0,0.0,0.0,0.0,0.0,0.0,0.0,0.0,0.0,0.0,0.0,0.0,96.0,2.0,4.5
2008,5,152,MIN,,GuioLe99,letroy-guion-1,Letroy Guion,False,DT,DL,D,Florida St.,21.0,2016.0,0,0,4,28.0,,13.0,112.0,0.0,0.0,0.0,0.0,0.0,0.0,0.0,0.0,0.0,0.0,0.0,107.0,,8.5
2008,6,167,DAL,00-0026307,WaldEr99,,Erik Walden,False,DE,DL,D,Middle Tenn. St.,23.0,2017.0,0,0,6,37.0,,,145.0,0.0,0.0,0.0,0.0,0.0,0.0,0.0,0.0,0.0,0.0,0.0,244.0,2.0,35.0
2008,6,181,CAR,,HaydNi99,nick-hayden-1,Nick Hayden,False,DT,DL,D,Wisconsin,22.0,2015.0,0,0,4,25.0,,7.0,76.0,0.0,0.0,0.0,0.0,0.0,0.0,0.0,0.0,0.0,0.0,0.0,114.0,,2.0
2008,6,190,CLE,00-0026330,RubiAh99,ahtyba-rubin-1,Ahtyba Rubin,False,DT,DL,D,Iowa St.,22.0,2017.0,0,0,7,47.0,,32.0,144.0,0.0,0.0,0.0,0.0,0.0,0.0,0.0,0.0,0.0,0.0,0.0,264.0,2.0,15.0
2009,1,3,KC,,JackTy98,tyson-jackson-1,Tyson Jackson,False,DE,DL,D,LSU,23.0,2016.0,0,0,7,34.0,,23.0,122.0,0.0,0.0,0.0,0.0,0.0,0.0,0.0,0.0,0.0,0.0,0.0,167.0,,9.0
2009,1,9,GB,,RajiBJ99,bj-raji-1,B.J. Raji,False,DT,DL,D,Boston Col.,23.0,2015.0,0,1,5,33.0,,33.0,91.0,0.0,0.0,0.0,0.0,0.0,1.0,1.0,1.0,0.0,0.0,0.0,103.0,,11.0
2009,1,18,DEN,,AyerRo99,robert-ayers-1,Robert Ayers,False,DE,DL,D,Tennessee,24.0,2017.0,0,0,5,27.0,,13.0,120.0,0.0,0.0,0.0,0.0,0.0,0.0,0.0,0.0,0.0,0.0,0.0,192.0,,34.5
2009,1,32,PIT,00-0027008,HoodEv99,evander-hood-1,Evander Hood,False,DE,DL,D,Missouri,22.0,2018.0,0,0,5,38.0,,27.0,142.0,0.0,0.0,0.0,0.0,0.0,0.0,0.0,0.0,0.0,0.0,0.0,141.0,,14.0
2009,2,46,HOU,00-0027022,BarwCo99,connor-barwin-1,Connor Barwin,False,DE,DL,D,Cincinnati,22.0,2018.0,0,1,7,51.0,,16.0,142.0,0.0,0.0,0.0,0.0,0.0,0.0,0.0,0.0,0.0,0.0,0.0,269.0,1.0,56.5
2009,2,56,IND,,MoalFi99,fili-moala-1,Fili Moala,False,DT,DL,D,USC,24.0,2013.0,0,0,3,19.0,,19.0,64.0,0.0,0.0,0.0,0.0,0.0,0.0,0.0,0.0,0.0,0.0,0.0,49.0,,3.5
2009,2,57,BAL,,KrugPa99,paul-kruger-1,Paul Kruger,False,DE,DL,D,Utah,23.0,2016.0,0,0,4,29.0,,7.0,114.0,0.0,0.0,0.0,0.0,0.0,0.0,0.0,0.0,0.0,0.0,0.0,145.0,2.0,35.0
2009,2,62,TEN,,MarkSe99,senderrick-marks-1,Sen'Derrick Marks,False,DT,DL,D,Auburn,22.0,2016.0,0,0,4,27.0,,11.0,103.0,0.0,0.0,0.0,0.0,0.0,0.0,0.0,0.0,0.0,0.0,0.0,150.0,1.0,19.0
2009,3,70,CIN,00-0027044,JohnMi98,michael-johnson-2,Michael Johnson,False,DE,DL,D,Georgia Tech,22.0,2018.0,0,0,8,54.0,,50.0,155.0,0.0,0.0,0.0,0.0,0.0,0.0,0.0,0.0,0.0,0.0,0.0,268.0,4.0,44.5
2009,3,71,OAK,,ShauMa99,matt-shaughnessy-1,Matt Shaughnessy,False,DE,DL,D,Wisconsin,22.0,2014.0,0,0,3,22.0,,13.0,75.0,0.0,0.0,0.0,0.0,0.0,0.0,0.0,0.0,0.0,0.0,0.0,143.0,,18.5
2009,3,72,JAX,,KnigTe99,terrance-knighton-1,Terrance Knighton,False,DT,DL,D,Temple,23.0,2015.0,0,0,6,37.0,,18.0,108.0,0.0,0.0,0.0,0.0,0.0,0.0,0.0,0.0,0.0,0.0,0.0,148.0,2.0,14.0
2009,3,81,TB,,MillRo99,roy-miller-1,Roy Miller,False,DT,DL,D,Texas,22.0,2017.0,0,0,5,33.0,,15.0,119.0,0.0,0.0,0.0,0.0,0.0,0.0,0.0,0.0,0.0,0.0,0.0,169.0,,8.0
2009,4,115,DET,,HillSa99,,Sammie Lee Hill,False,DT,DL,D,Stillman,22.0,2015.0,0,0,3,21.0,,9.0,97.0,0.0,0.0,0.0,0.0,0.0,0.0,0.0,0.0,0.0,0.0,0.0,101.0,,7.0
2009,7,244,SF,00-0026502,JeanRi99,ricky-jean-francois-1,Ricky Jean-Francois,False,DT,DL,D,LSU,22.0,2018.0,0,0,4,23.0,,5.0,137.0,0.0,0.0,0.0,0.0,0.0,0.0,0.0,0.0,0.0,0.0,0.0,116.0,,14.0
2010,1,2,DET,00-0027855,SuhxNd99,ndamukong-suh-1,Ndamukong Suh,False,DT,DL,D,Nebraska,23.0,2022.0,3,5,12,100.0,,59.0,199.0,0.0,0.0,0.0,0.0,0.0,0.0,0.0,0.0,0.0,0.0,0.0,392.0,1.0,71.5
2010,1,3,TB,00-0027856,McCoGe99,gerald-mccoy-1,Gerald McCoy,False,DT,DL,D,Oklahoma,22.0,2021.0,1,6,10,69.0,,65.0,140.0,0.0,0.0,0.0,0.0,0.0,0.0,0.0,0.0,0.0,0.0,0.0,235.0,,59.5
2010,1,10,JAX,00-0027862,AluaTy99,tyson-alualu-1,Tyson Alualu,False,DT,DL,D,California,23.0,2023.0,0,0,7,45.0,,33.0,193.0,0.0,0.0,0.0,0.0,0.0,1.0,0.0,0.0,2.0,19.0,0.0,262.0,,25.0
2010,1,13,PHI,00-0027865,GrahBr99,brandon-graham-1,Brandon Graham,False,DE,DL,D,Michigan,22.0,2023.0,0,1,6,58.0,,58.0,195.0,0.0,0.0,0.0,0.0,0.0,0.0,0.0,0.0,0.0,0.0,0.0,344.0,,73.0
2010,1,15,NYG,00-0027867,PierJa99,jason-pierre-paul-1,Jason Pierre-Paul,False,DE,DL,D,South Florida,21.0,2023.0,1,3,11,74.0,,46.0,182.0,0.0,0.0,0.0,0.0,0.0,0.0,0.0,0.0,0.0,0.0,0.0,456.0,5.0,94.5
2010,1,16,TEN,00-0027868,MorgDe99,derrick-morgan-1,Derrick Morgan,False,DE,DL,D,Georgia Tech,21.0,2018.0,0,0,8,40.0,,40.0,118.0,0.0,0.0,0.0,0.0,0.0,0.0,0.0,0.0,0.0,0.0,0.0,208.0,,44.5
2010,1,26,ARI,,WillDa99,dan-williams-2,Dan Williams,False,DT,DL,D,Tennessee,23.0,2016.0,0,0,6,29.0,,20.0,102.0,0.0,0.0,0.0,0.0,0.0,0.0,0.0,0.0,0.0,0.0,0.0,154.0,1.0,3.5
2010,1,28,MIA,,OdriJa99,jared-odrick-1,Jared Odrick,False,DE,DL,D,Penn St.,22.0,2016.0,0,0,3,29.0,,20.0,87.0,0.0,0.0,0.0,0.0,0.0,0.0,0.0,0.0,0.0,0.0,0.0,135.0,1.0,23.0
2010,1,31,IND,00-0027881,HughJe99,jerry-hughes-1,Jerry Hughes,False,DE,DL,D,TCU,22.0,2023.0,0,0,9,68.0,,3.0,218.0,0.0,0.0,0.0,0.0,0.0,0.0,0.0,0.0,0.0,0.0,0.0,320.0,2.0,70.0
2010,2,44,OAK,,HousLa99,lamarr-houston-1,Lamarr Houston,False,DE,DL,D,Texas,23.0,2017.0,0,0,5,31.0,,25.0,100.0,0.0,0.0,0.0,0.0,0.0,0.0,0.0,0.0,0.0,0.0,0.0,231.0,1.0,30.5
2010,2,46,NYG,00-0027885,JoseLi99,linval-joseph-1,Linval Joseph,False,DT,DL,D,East Carolina,21.0,2023.0,0,2,11,71.0,,16.0,186.0,0.0,0.0,0.0,0.0,0.0,0.0,0.0,0.0,0.0,0.0,0.0,394.0,,26.5
2010,2,54,CIN,00-0027662,DunlCa99,carlos-dunlap-1,Carlos Dunlap,False,DE,DL,D,Florida,21.0,2022.0,0,2,7,67.0,,62.0,197.0,0.0,0.0,0.0,0.0,0.0,0.0,0.0,0.0,0.0,0.0,0.0,384.0,2.0,100.0
2010,3,81,HOU,00-0027684,MitcEa99,earl-mitchell-1,Earl Mitchell,False,DT,DL,D,Arizona,22.0,2019.0,0,0,4,29.0,,10.0,130.0,0.0,0.0,0.0,0.0,0.0,0.0,0.0,0.0,0.0,0.0,0.0,163.0,,6.5
2010,3,83,ATL,00-0027686,PeteCo00,corey-peters-1,Corey Peters,False,DT,DL,D,Kentucky,22.0,2022.0,0,0,9,49.0,,23.0,164.0,0.0,0.0,0.0,0.0,0.0,0.0,0.0,0.0,0.0,0.0,0.0,214.0,1.0,19.0
2010,4,100,MIN,00-0027701,GrifEv99,everson-griffen-1,Everson Griffen,False,DE,DL,D,USC,22.0,2021.0,0,4,6,66.0,,65.0,170.0,0.0,0.0,0.0,0.0,0.0,0.0,0.0,0.0,0.0,0.0,0.0,286.0,2.0,85.5
2010,4,120,CIN,00-0027720,AtkiGe99,geno-atkins-1,Geno Atkins,False,DT,DL,D,Georgia,22.0,2020.0,2,8,9,89.0,,89.0,161.0,0.0,0.0,0.0,0.0,0.0,0.0,0.0,0.0,0.0,0.0,0.0,228.0,,75.5
2010,4,123,NO,00-0027723,WoodAl99,al-woods-2,Al Woods,False,DT,DL,D,LSU,23.0,2023.0,0,0,6,34.0,,,161.0,0.0,0.0,0.0,0.0,0.0,0.0,0.0,0.0,0.0,0.0,0.0,166.0,,10.0
2010,6,175,CAR,,HardGr99,greg-hardy-2,Greg Hardy,False,DE,DL,D,Mississippi,22.0,2015.0,0,1,4,33.0,,27.0,75.0,0.0,0.0,0.0,0.0,0.0,0.0,0.0,0.0,0.0,0.0,0.0,167.0,1.0,40.0
2011,1,3,BUF,00-0027941,DareMa00,marcell-dareus-1,Marcell Dareus,False,DT,DL,D,Alabama,21.0,2019.0,1,2,7,56.0,,47.0,121.0,0.0,0.0,0.0,0.0,0.0,0.0,0.0,0.0,0.0,0.0,0.0,255.0,,37.5
2011,1,7,SF,00-0027945,SmitAl04,aldon-smith-1,Aldon Smith,False,DE,DL,D,Missouri,21.0,2020.0,1,1,4,34.0,,24.0,75.0,0.0,0.0,0.0,0.0,0.0,0.0,0.0,0.0,0.0,0.0,0.0,172.0,1.0,52.5
2011,1,11,HOU,00-0027949,WattJ.00,jj-watt-1,J.J. Watt,False,DE,DL,D,Wisconsin,22.0,2022.0,5,5,10,110.0,,105.0,151.0,0.0,0.0,0.0,0.0,0.0,0.0,0.0,0.0,3.0,4.0,3.0,449.0,2.0,114.5
2011,1,13,DET,,FairNi00,nick-fairley-1,Nick Fairley,False,DT,DL,D,Auburn,23.0,2016.0,0,0,4,23.0,,16.0,77.0,0.0,0.0,0.0,0.0,0.0,0.0,0.0,0.0,0.0,0.0,0.0,114.0,,20.5
2011,1,14,STL,00-0027952,QuinRo00,robert-quinn-1,Robert Quinn,False,DE,DL,D,North Carolina,21.0,2022.0,1,3,9,69.0,,43.0,169.0,0.0,0.0,0.0,0.0,0.0,0.0,0.0,0.0,0.0,0.0,0.0,286.0,,102.0
2011,1,16,WAS,00-0027954,KerrRy00,ryan-kerrigan-1,Ryan Kerrigan,False,DE,DL,D,Purdue,23.0,2021.0,0,4,9,63.0,,62.0,172.0,0.0,0.0,0.0,0.0,0.0,0.0,0.0,0.0,0.0,0.0,0.0,333.0,3.0,95.5
2011,1,18,SD,00-0027956,LiugCo00,corey-liuget-1,Corey Liuget,False,DT,DL,D,Illinois,21.0,2020.0,0,0,7,42.0,,41.0,124.0,0.0,0.0,0.0,0.0,0.0,0.0,0.0,0.0,0.0,0.0,0.0,219.0,,26.0
2011,1,24,NO,00-0027962,JordCa00,cameron-jordan-1,Cameron Jordan,False,DE,DL,D,California,22.0,2023.0,1,8,12,103.0,,103.0,209.0,0.0,0.0,0.0,0.0,0.0,0.0,0.0,0.0,0.0,0.0,0.0,444.0,2.0,117.5
2011,1,30,NYJ,00-0027968,WilkMu00,muhammad-wilkerson-1,Muhammad Wilkerson,False,DT,DL,D,Temple,21.0,2018.0,0,1,7,58.0,,58.0,108.0,0.0,0.0,0.0,0.0,0.0,0.0,0.0,0.0,0.0,0.0,0.0,245.0,2.0,44.5
2011,1,31,PIT,00-0027969,HeywCa01,cameron-heyward-1,Cameron Heyward,False,DE,DL,D,Ohio St.,22.0,2023.0,3,6,10,98.0,,98.0,194.0,0.0,0.0,0.0,0.0,0.0,0.0,0.0,0.0,0.0,0.0,0.0,404.0,2.0,80.5
2011,2,37,CLE,00-0027975,SheaJa00,jabaal-sheard-1,Jabaal Sheard,False,DE,DL,D,Pittsburgh,22.0,2021.0,0,0,7,47.0,,22.0,145.0,0.0,0.0,0.0,0.0,0.0,0.0,0.0,0.0,0.0,0.0,0.0,274.0,,53.0
2011,2,41,WAS,00-0027979,JenkJa01,jarvis-jenkins-1,Jarvis Jenkins,False,DT,DL,D,Clemson,23.0,2018.0,0,0,3,23.0,,13.0,98.0,0.0,0.0,0.0,0.0,0.0,0.0,0.0,0.0,0.0,0.0,0.0,87.0,,7.0
2011,2,53,CHI,,PaeaSt00,stephen-paea-1,Stephen Paea,False,DT,DL,D,Oregon St.,23.0,2017.0,0,0,3,19.0,,15.0,83.0,0.0,0.0,0.0,0.0,0.0,0.0,0.0,0.0,0.0,0.0,0.0,76.0,,14.0
2011,3,77,TEN,00-0028015,CaseJu00,jurrell-casey-1,Jurrell Casey,False,DT,DL,D,USC,21.0,2020.0,0,5,9,72.0,,71.0,142.0,0.0,0.0,0.0,0.0,0.0,0.0,0.0,0.0,0.0,0.0,0.0,332.0,,51.0
2011,3,86,KC,00-0028024,BailAl00,allen-bailey-1,Allen Bailey,False,DE,DL,D,Miami (FL),22.0,2020.0,0,0,3,34.0,,30.0,133.0,0.0,0.0,0.0,0.0,0.0,0.0,0.0,0.0,0.0,0.0,0.0,164.0,,22.0
2011,4,103,ARI,00-0028041,AchoSa00,sam-acho-1,Sam Acho,False,DE,DL,D,Texas,23.0,2019.0,0,0,4,30.0,,19.0,110.0,0.0,0.0,0.0,0.0,0.0,0.0,0.0,0.0,0.0,0.0,0.0,178.0,3.0,18.0
2011,5,165,BAL,00-0028103,McPhPe00,pernell-mcphee-1,Pernell McPhee,False,DE,DL,D,Mississippi St.,22.0,2021.0,0,0,3,28.0,,18.0,141.0,0.0,0.0,0.0,0.0,0.0,0.0,0.0,0.0,0.0,0.0,0.0,201.0,1.0,38.0
2011,7,211,SF,00-0028149,MillBr02,bruce-miller-1,Bruce Miller,False,DE,DL,D,Central Florida,24.0,2020.0,0,0,5,7.0,,7.0,85.0,0.0,0.0,0.0,0.0,0.0,28.0,62.0,1.0,77.0,736.0,3.0,27.0,,
2011,7,233,GB,00-0028171,GuyxLa00,lawrence-guy-1,Lawrence Guy,False,DT,DL,D,Arizona St.,21.0,2023.0,0,0,6,62.0,,,177.0,0.0,0.0,0.0,0.0,0.0,0.0,0.0,0.0,0.0,0.0,0.0,271.0,1.0,17.0
2012,1,11,KC,00-0029688,PoexDo00,dontari-poe-1,Dontari Poe,False,DT,DL,D,Memphis,22.0,2020.0,0,2,8,55.0,,41.0,128.0,1.0,1.0,2.0,1.0,0.0,2.0,2.0,2.0,0.0,0.0,0.0,205.0,,20.5
2012,1,12,PHI,00-0029653,CoxxFl00,fletcher-cox-1,Fletcher Cox,False,DT,DL,D,Mississippi St.,21.0,2023.0,1,6,11,95.0,,95.0,188.0,0.0,0.0,0.0,0.0,0.0,0.0,0.0,0.0,0.0,0.0,0.0,351.0,,70.0
2012,1,14,STL,00-0029630,BrocMi00,michael-brockers-1,Michael Brockers,False,DT,DL,D,LSU,21.0,2022.0,0,0,10,58.0,,53.0,160.0,0.0,0.0,0.0,0.0,0.0,0.0,0.0,0.0,0.0,0.0,0.0,274.0,,29.0
2012,1,15,SEA,00-0029193,IrviBr00,bruce-irvin-1,Bruce Irvin,False,DE,DL,D,West Virginia,24.0,2023.0,0,0,6,42.0,,22.0,140.0,0.0,0.0,0.0,0.0,0.0,0.0,0.0,0.0,0.0,0.0,0.0,235.0,3.0,56.5
2012,1,18,SD,00-0029249,IngrMe00,melvin-ingram-1,Melvin Ingram,False,DE,DL,D,South Carolina,23.0,2023.0,0,3,6,57.0,,52.0,148.0,0.0,0.0,0.0,0.0,0.0,1.0,0.0,0.0,0.0,0.0,0.0,298.0,3.0,58.5
2012,1,19,CHI,,McClSh00,shea-mcclellin-1,Shea McClellin,False,DE,DL,D,Boise St.,23.0,2016.0,0,0,3,17.0,,13.0,66.0,0.0,0.0,0.0,0.0,0.0,0.0,0.0,0.0,0.0,0.0,0.0,114.0,,8.5
2012,1,21,NE,00-0029585,JoneCh03,chandler-jones-2,Chandler Jones,False,DE,DL,D,Syracuse,22.0,2022.0,2,4,10,77.0,,25.0,154.0,0.0,0.0,0.0,0.0,0.0,0.0,0.0,0.0,0.0,0.0,0.0,352.0,1.0,112.0
2012,1,26,HOU,00-0029643,MercWh00,whitney-mercilus-1,Whitney Mercilus,False,DE,DL,D,Illinois,22.0,2021.0,0,0,8,49.0,,49.0,138.0,0.0,0.0,0.0,0.0,0.0,0.0,0.0,0.0,0.0,0.0,0.0,237.0,2.0,58.0
2012,1,28,GB,00-0029408,PerrNi00,nick-perry-1,Nick Perry,False,DE,DL,D,USC,22.0,2018.0,0,0,3,22.0,,22.0,81.0,0.0,0.0,0.0,0.0,0.0,0.0,0.0,0.0,0.0,0.0,0.0,139.0,1.0,32.0
2012,2,36,DEN,00-0029586,WolfDe00,derek-wolfe-1,Derek Wolfe,False,DT,DL,D,Cincinnati,22.0,2020.0,0,0,9,48.0,,45.0,122.0,0.0,0.0,0.0,0.0,0.0,0.0,0.0,0.0,0.0,0.0,0.0,225.0,1.0,34.0
2012,2,49,SD,00-0029256,ReyeKe00,kendall-reyes-1,Kendall Reyes,False,DT,DL,D,Connecticut,22.0,2016.0,0,0,3,22.0,,22.0,76.0,0.0,0.0,0.0,0.0,0.0,0.0,0.0,0.0,0.0,0.0,0.0,96.0,1.0,14.5
2012,3,81,DAL,00-0029641,CrawTy00,tyrone-crawford-1,Tyrone Crawford,False,DE,DL,D,Boise St.,22.0,2020.0,0,0,5,34.0,,34.0,112.0,0.0,0.0,0.0,0.0,0.0,0.0,0.0,0.0,0.0,0.0,0.0,120.0,,25.0
2012,3,89,NO,00-0029657,HickAk00,,Akiem Hicks,False,DE,DL,D,Regina,22.0,2022.0,0,1,7,55.0,,13.0,149.0,0.0,0.0,0.0,0.0,0.0,1.0,1.0,1.0,0.0,0.0,0.0,263.0,,41.5
2012,4,126,HOU,,CricJa00,jared-crick-1,Jared Crick,False,DE,DL,D,Nebraska,23.0,2016.0,0,0,3,28.0,,21.0,79.0,0.0,0.0,0.0,0.0,0.0,0.0,0.0,0.0,0.0,0.0,0.0,113.0,,8.5
2012,4,132,GB,00-0029284,DaniMi00,mike-daniels-2,Mike Daniels,False,DT,DL,D,Iowa,23.0,2021.0,0,1,6,41.0,,36.0,124.0,0.0,0.0,0.0,0.0,0.0,0.0,0.0,0.0,0.0,0.0,0.0,172.0,1.0,30.0
2012,5,137,DEN,00-0029568,JackMa02,malik-jackson-2,Malik Jackson,False,DT,DL,D,Tennessee,22.0,2021.0,0,1,5,45.0,,14.0,142.0,0.0,0.0,0.0,0.0,0.0,0.0,0.0,0.0,0.0,0.0,0.0,206.0,,35.5
2012,5,158,OAK,00-0029627,CrawJa00,jack-crawford-1,Jack Crawford,False,DE,DL,D,Penn St.,24.0,2020.0,0,0,3,18.0,,1.0,109.0,0.0,0.0,0.0,0.0,0.0,0.0,0.0,0.0,0.0,0.0,0.0,91.0,1.0,18.0
2012,7,225,SEA,00-0029146,SweeJ.00,jr-sweezy-1,J.R. Sweezy,False,DT,DL,D,North Carolina St.,23.0,2020.0,0,0,7,47.0,,32.0,117.0,0.0,0.0,0.0,0.0,0.0,0.0,0.0,0.0,0.0,0.0,0.0,,,
2013,1,5,DET,00-0030059,AnsaEz00,ezekiel-ansah-1,Ezekiel Ansah,False,DE,DL,D,BYU,24.0,2020.0,0,1,5,39.0,,37.0,93.0,0.0,0.0,0.0,0.0,0.0,0.0,0.0,0.0,0.0,0.0,0.0,174.0,,50.5
2013,1,13,NYJ,00-0030573,RichSh00,sheldon-richardson-1,Sheldon Richardson,False,DT,DL,D,Missouri,22.0,2021.0,0,1,8,61.0,,32.0,138.0,0.0,0.0,0.0,0.0,0.0,4.0,4.0,2.0,0.0,0.0,0.0,297.0,1.0,33.5
2013,1,14,CAR,00-0030455,LotuSt00,star-lotulelei-1,Star Lotulelei,False,DT,DL,D,Utah,23.0,2021.0,0,0,7,48.0,,28.0,119.0,0.0,0.0,0.0,0.0,0.0,0.0,0.0,0.0,0.0,0.0,0.0,116.0,1.0,16.5
2013,1,28,DEN,00-0030577,WillSy00,sylvester-williams-1,Sylvester Williams,False,DT,DL,D,North Carolina,24.0,2020.0,0,0,4,29.0,,22.0,102.0,0.0,0.0,0.0,0.0,0.0,0.0,0.0,0.0,0.0,0.0,0.0,93.0,,5.5
2013,2,44,CAR,00-0030448,ShorKa00,kawann-short-1,Kawann Short,False,DT,DL,D,Purdue,24.0,2020.0,0,2,5,41.0,,41.0,99.0,0.0,0.0,0.0,0.0,0.0,0.0,0.0,0.0,0.0,0.0,0.0,167.0,,32.5
2013,2,49,NYG,00-0030063,HankJo00,johnathan-hankins-1,Johnathan Hankins,False,DT,DL,D,Ohio St.,21.0,2023.0,0,0,8,48.0,,17.0,152.0,0.0,0.0,0.0,0.0,0.0,0.0,0.0,0.0,0.0,0.0,0.0,224.0,,17.5
2013,3,67,PHI,00-0030507,LogaBe00,bennie-logan-1,Bennie Logan,False,DT,DL,D,LSU,23.0,2018.0,0,0,5,28.0,,22.0,89.0,0.0,0.0,0.0,0.0,0.0,0.0,0.0,0.0,0.0,0.0,0.0,161.0,,7.0
2013,3,94,BAL,00-0030511,WillBr02,,Brandon Williams,False,DT,DL,D,Missouri Southern,24.0,2022.0,0,1,8,51.0,,51.0,128.0,0.0,0.0,0.0,0.0,0.0,0.0,0.0,0.0,0.0,0.0,0.0,184.0,,7.0
2013,4,100,TB,00-0030402,SpenAk00,akeem-spence-1,Akeem Spence,False,DT,DL,D,Illinois,21.0,2022.0,0,0,4,27.0,,14.0,117.0,0.0,0.0,0.0,0.0,0.0,0.0,0.0,0.0,0.0,0.0,0.0,127.0,,10.5
2013,4,103,ARI,00-0030503,OkafAl00,alex-okafor-1,Alex Okafor,False,DE,DL,D,Texas,22.0,2021.0,0,0,5,29.0,,14.0,106.0,0.0,0.0,0.0,0.0,0.0,0.0,0.0,0.0,0.0,0.0,0.0,147.0,1.0,31.5
2013,4,126,TB,00-0030386,GholWi00,william-gholston-1,William Gholston,False,DE,DL,D,Michigan St.,22.0,2023.0,0,0,7,38.0,,38.0,169.0,0.0,0.0,0.0,0.0,0.0,0.0,0.0,0.0,0.0,0.0,0.0,259.0,1.0,19.5
2013,4,129,BAL,00-0030442,SimoJo01,john-simon-2,John Simon,False,DE,DL,D,Ohio St.,22.0,2021.0,0,0,4,34.0,,1.0,100.0,0.0,0.0,0.0,0.0,0.0,0.0,0.0,0.0,0.0,0.0,0.0,184.0,2.0,21.0
2014,1,1,HOU,00-0031364,ClowJa00,jadeveon-clowney-1,Jadeveon Clowney,False,DE,DL,D,South Carolina,21.0,2023.0,0,3,8,59.0,,38.0,126.0,0.0,0.0,0.0,0.0,0.0,0.0,0.0,0.0,0.0,0.0,0.0,248.0,1.0,52.5
2014,1,13,STL,00-0031388,DonaAa00,aaron-donald-1,Aaron Donald,False,DT,DL,D,Pittsburgh,23.0,2023.0,8,10,9,124.0,,124.0,154.0,0.0,0.0,0.0,0.0,0.0,0.0,0.0,0.0,0.0,0.0,0.0,340.0,,111.0
2014,2,34,DAL,00-0031411,LawrDe00,demarcus-lawrence-1,DeMarcus Lawrence,False,DE,DL,D,Boise St.,22.0,2023.0,0,4,6,67.0,,67.0,137.0,0.0,0.0,0.0,0.0,0.0,0.0,0.0,0.0,0.0,0.0,0.0,278.0,2.0,58.5
2014,2,46,PIT,00-0031412,TuitSt00,stephon-tuitt-1,Stephon Tuitt,False,DE,DL,D,Notre Dame,21.0,2020.0,0,0,6,38.0,,38.0,91.0,0.0,0.0,0.0,0.0,0.0,0.0,0.0,0.0,0.0,0.0,0.0,176.0,1.0,34.5
2014,2,48,BAL,00-0031170,JernTi00,timmy-jernigan-1,Timmy Jernigan,False,DT,DL,D,Florida St.,21.0,2020.0,0,0,4,25.0,,14.0,76.0,0.0,0.0,0.0,0.0,0.0,0.0,0.0,0.0,0.0,0.0,0.0,70.0,1.0,17.5
2014,4,107,OAK,00-0031346,ElliJu01,justin-ellis-1,Justin Ellis,False,DT,DL,D,Louisiana Tech,23.0,2022.0,0,0,3,25.0,,19.0,117.0,0.0,0.0,0.0,0.0,0.0,0.0,0.0,0.0,0.0,0.0,0.0,100.0,,1.5
2014,4,112,TEN,00-0031054,JoneDa04,daquan-jones-1,DaQuan Jones,False,DT,DL,D,Penn St.,22.0,2023.0,0,0,8,52.0,,35.0,139.0,0.0,0.0,0.0,0.0,0.0,0.0,0.0,0.0,0.0,0.0,0.0,185.0,,14.5
2014,5,174,NYG,00-0031241,KennDe00,devon-kennard-1,Devon Kennard,False,DE,DL,D,USC,23.0,2022.0,0,0,5,33.0,,13.0,118.0,0.0,0.0,0.0,0.0,0.0,0.0,0.0,0.0,0.0,0.0,0.0,247.0,1.0,26.5
2014,7,220,MIN,00-0031242,StepSh00,shamar-stephen-1,Shamar Stephen,False,DT,DL,D,Connecticut,23.0,2021.0,0,0,4,32.0,,25.0,115.0,0.0,0.0,0.0,0.0,0.0,0.0,0.0,0.0,0.0,0.0,0.0,99.0,,4.5
2014,7,235,OAK,00-0031270,HarrSh00,,Shelby Harris,False,DE,DL,D,Illinois St.,23.0,2023.0,0,0,4,36.0,,1.0,115.0,0.0,0.0,0.0,0.0,0.0,0.0,0.0,0.0,0.0,0.0,0.0,168.0,1.0,26.0
2015,1,6,NYJ,00-0031933,WillLe02,leonard-williams-1,Leonard Williams,False,DE,DL,D,USC,21.0,2023.0,0,1,7,56.0,,30.0,142.0,0.0,0.0,0.0,0.0,0.0,0.0,0.0,0.0,0.0,0.0,0.0,261.0,1.0,43.5
2015,1,12,CLE,00-0032143,ShelDa01,danny-shelton-1,Danny Shelton,False,NT,DL,D,Washington,22.0,2022.0,0,0,5,33.0,,15.0,101.0,0.0,0.0,0.0,0.0,0.0,0.0,0.0,0.0,0.0,0.0,0.0,138.0,,6.0
2015,1,17,SF,00-0032164,ArmsAr01,arik-armstead-1,Arik Armstead,False,DT,DL,D,Oregon,21.0,2023.0,0,0,5,41.0,,41.0,116.0,0.0,0.0,0.0,0.0,0.0,0.0,0.0,0.0,0.0,0.0,0.0,177.0,,33.5
2015,1,32,NE,00-0032261,BrowMa01,malcom-brown-1,Malcom Brown,False,DT,DL,D,Texas,21.0,2021.0,0,0,6,43.0,,27.0,106.0,0.0,0.0,0.0,0.0,0.0,0.0,0.0,0.0,0.0,0.0,0.0,160.0,,13.5
2015,2,38,WAS,00-0031935,SmitPr00,preston-smith-2,Preston Smith,False,DE,DL,D,Mississippi St.,22.0,2023.0,0,0,7,53.0,,22.0,146.0,0.0,0.0,0.0,0.0,0.0,0.0,0.0,0.0,0.0,0.0,0.0,263.0,5.0,66.0
2015,2,39,CHI,00-0031551,GoldEd00,eddie-goldman-1,Eddie Goldman,False,DT,DL,D,Florida St.,21.0,2021.0,0,0,4,32.0,,32.0,81.0,0.0,0.0,0.0,0.0,0.0,0.0,0.0,0.0,0.0,0.0,0.0,116.0,,13.0
2015,2,52,MIA,00-0031557,PhilJo01,jordan-phillips-1,Jordan Phillips,False,NT,DL,D,Oklahoma,22.0,2023.0,0,0,4,31.0,,9.0,120.0,0.0,0.0,0.0,0.0,0.0,0.0,0.0,0.0,0.0,0.0,0.0,120.0,1.0,24.0
2015,2,58,ARI,00-0032127,GoldMa00,markus-golden-1,Markus Golden,False,DE,DL,D,Missouri,24.0,2023.0,0,0,4,33.0,,23.0,127.0,0.0,0.0,0.0,0.0,0.0,0.0,0.0,0.0,0.0,0.0,0.0,220.0,1.0,51.0
2015,2,63,SEA,00-0032210,ClarFr01,frank-clark-1,Frank Clark,False,DE,DL,D,Michigan,22.0,2023.0,0,3,6,49.0,,20.0,128.0,0.0,0.0,0.0,0.0,0.0,0.0,0.0,0.0,0.0,0.0,0.0,184.0,2.0,58.5
2015,3,88,MIN,00-0031565,HuntDa01,danielle-hunter-1,Danielle Hunter,False,DE,DL,D,LSU,20.0,2023.0,0,4,4,62.0,,62.0,119.0,0.0,0.0,0.0,0.0,0.0,0.0,0.0,0.0,0.0,0.0,0.0,316.0,,87.5
2015,3,93,IND,00-0032269,AndeHe00,henry-anderson-1,Henry Anderson,False,DE,DL,D,Stanford,24.0,2022.0,0,0,4,21.0,,8.0,89.0,0.0,0.0,0.0,0.0,0.0,0.0,0.0,0.0,0.0,0.0,0.0,110.0,,11.5
2015,4,101,NE,00-0031566,FlowTr00,trey-flowers-1,Trey Flowers,False,DE,DL,D,Arkansas,22.0,2022.0,0,0,4,34.0,,24.0,79.0,0.0,0.0,0.0,0.0,0.0,0.0,0.0,0.0,0.0,0.0,0.0,161.0,,31.5
2015,4,116,ARI,00-0032131,GuntRo00,,Rodney Gunter,False,DT,DL,D,Delaware St.,23.0,2019.0,0,0,3,18.0,,18.0,77.0,0.0,0.0,0.0,0.0,0.0,0.0,0.0,0.0,0.0,0.0,0.0,86.0,,11.0
2015,4,122,BAL,00-0031576,SmitZa00,zadarius-smith-1,Za'Darius Smith,False,DE,DL,D,Kentucky,22.0,2023.0,0,3,3,52.0,,10.0,123.0,0.0,0.0,0.0,0.0,0.0,0.0,0.0,0.0,0.0,0.0,0.0,198.0,,60.0
2015,5,137,ATL,00-0031583,JarrGr00,grady-jarrett-1,Grady Jarrett,False,NT,DL,D,Clemson,22.0,2023.0,0,2,7,51.0,,51.0,135.0,0.0,0.0,0.0,0.0,0.0,0.0,0.0,0.0,0.0,0.0,0.0,237.0,,34.0
2015,5,154,NO,00-0031947,DaviTy01,tyeler-davison-1,Tyeler Davison,False,DT,DL,D,Fresno St.,23.0,2022.0,0,0,6,31.0,,16.0,111.0,0.0,0.0,0.0,0.0,0.0,0.0,0.0,0.0,0.0,0.0,0.0,101.0,,5.0
2015,6,217,KC,00-0031957,NuneRa00,rakeem-nunez-roches-1,Rakeem Nunez-Roches,False,DT,DL,D,Southern Miss,22.0,2023.0,0,0,3,24.0,,8.0,118.0,0.0,0.0,0.0,0.0,0.0,0.0,0.0,0.0,0.0,0.0,0.0,83.0,,4.0
2016,1,3,SD,00-0033156,BosaJo00,joey-bosa-1,Joey Bosa,False,DE,DL,D,Ohio St.,21.0,2023.0,0,4,6,51.0,,51.0,93.0,0.0,0.0,0.0,0.0,0.0,0.0,0.0,0.0,0.0,0.0,0.0,235.0,,67.0
2016,1,7,SF,00-0032378,BuckDe00,deforest-buckner-1,DeForest Buckner,False,DE,DL,D,Oregon,22.0,2023.0,1,3,7,70.0,,34.0,129.0,0.0,0.0,0.0,0.0,0.0,0.0,0.0,0.0,0.0,0.0,0.0,332.0,,61.0
2016,1,12,NO,00-0032759,RankSh00,sheldon-rankins-1,Sheldon Rankins,False,DT,DL,D,Louisville,22.0,2023.0,0,0,3,31.0,,16.0,109.0,0.0,0.0,0.0,0.0,0.0,0.0,0.0,0.0,0.0,0.0,0.0,146.0,1.0,29.5
2016,1,27,GB,00-0033120,ClarKe01,kenneth-clark-1,Kenny Clark,False,DT,DL,D,UCLA,20.0,2023.0,0,3,6,54.0,,54.0,123.0,0.0,0.0,0.0,0.0,0.0,0.0,0.0,0.0,0.0,0.0,0.0,216.0,,34.0
2016,2,32,CLE,00-0033073,OgbaEm00,emmanuel-ogbah-1,Emmanuel Ogbah,False,DE,DL,D,Oklahoma St.,22.0,2023.0,0,0,5,34.0,,15.0,107.0,0.0,0.0,0.0,0.0,0.0,0.0,0.0,0.0,0.0,0.0,0.0,158.0,1.0,42.5
2016,2,37,KC,00-0032762,JoneCh09,chris-jones-8,Chris Jones,False,DT,DL,D,Mississippi St.,22.0,2023.0,2,5,7,77.0,,77.0,123.0,0.0,0.0,0.0,0.0,0.0,0.0,0.0,0.0,0.0,0.0,0.0,188.0,2.0,75.5
2016,2,46,DET,00-0032889,RobiAS00,ashawn-robinson-1,A'Shawn Robinson,False,DT,DL,D,Alabama,21.0,2023.0,0,0,4,32.0,,17.0,110.0,0.0,0.0,0.0,0.0,0.0,0.0,0.0,0.0,0.0,0.0,0.0,215.0,1.0,7.0
2016,2,49,SEA,00-0032387,ReedJa02,jarran-reed-1,Jarran Reed,False,DT,DL,D,Alabama,23.0,2023.0,0,0,6,43.0,,32.0,122.0,0.0,0.0,0.0,0.0,0.0,0.0,0.0,0.0,0.0,0.0,0.0,179.0,,34.0
2016,2,63,DEN,00-0033064,GotsAd00,adam-gotsis-1,Adam Gotsis,False,DT,DL,D,Georgia Tech,23.0,2023.0,0,0,3,27.0,,15.0,121.0,0.0,0.0,0.0,0.0,0.0,0.0,0.0,0.0,0.0,0.0,0.0,135.0,,10.5
2016,3,67,DAL,00-0033131,CollMa00,maliek-collins-1,Maliek Collins,False,DT,DL,D,Nebraska,21.0,2023.0,0,0,7,44.0,,24.0,119.0,0.0,0.0,0.0,0.0,0.0,0.0,0.0,0.0,0.0,0.0,0.0,126.0,1.0,25.5
2016,3,69,JAX,00-0033123,NgakYa00,yannick-ngakoue-1,Yannick Ngakoue,False,DE,DL,D,Maryland,21.0,2023.0,0,1,7,50.0,,32.0,123.0,0.0,0.0,0.0,0.0,0.0,0.0,0.0,0.0,0.0,0.0,0.0,176.0,2.0,69.0
2016,3,89,PIT,00-0033109,HargJa00,,Javon Hargrave,False,DT,DL,D,South Carolina St.,23.0,2023.0,0,2,7,52.0,,22.0,127.0,0.0,0.0,0.0,0.0,0.0,0.0,0.0,0.0,0.0,0.0,0.0,211.0,,44.5
2016,4,120,NO,00-0033051,OnyeDa00,,David Onyemata,False,DT,DL,D,Manitoba,23.0,2023.0,0,0,4,39.0,,32.0,120.0,0.0,0.0,0.0,0.0,0.0,0.0,0.0,0.0,0.0,0.0,0.0,156.0,1.0,27.0
2016,4,122,CIN,00-0033066,BillAn00,andrew-billings-1,Andrew Billings,False,NT,DL,D,Baylor,21.0,2023.0,0,0,3,26.0,,14.0,84.0,0.0,0.0,0.0,0.0,0.0,0.0,0.0,0.0,0.0,0.0,0.0,79.0,,4.5
2016,4,137,GB,00-0032412,LowrDe00,dean-lowry-1,Dean Lowry,False,DE,DL,D,Northwestern,22.0,2023.0,0,0,6,37.0,,35.0,120.0,0.0,0.0,0.0,0.0,0.0,0.0,0.0,0.0,0.0,0.0,0.0,143.0,1.0,15.5
2016,5,146,BAL,00-0032415,JudoMa00,,Matt Judon,False,DE,DL,D,Grand Valley St.,24.0,2023.0,0,4,6,56.0,,29.0,114.0,0.0,0.0,0.0,0.0,0.0,0.0,0.0,0.0,0.0,0.0,0.0,251.0,,66.5
2016,5,147,SEA,00-0032416,JeffQu00,quinton-jefferson-1,Quinton Jefferson,False,DT,DL,D,Maryland,23.0,2023.0,0,0,3,28.0,,12.0,103.0,0.0,0.0,0.0,0.0,0.0,0.0,0.0,0.0,0.0,0.0,0.0,96.0,,26.5
2016,5,152,WAS,,IoanMa01,matt-ioannidis-1,Matthew Ioannidis,False,DT,DL,D,Temple,22.0,2022.0,0,0,3,25.0,,19.0,86.0,0.0,0.0,0.0,0.0,0.0,0.0,0.0,0.0,0.0,0.0,0.0,122.0,,25.5
2016,5,166,HOU,00-0032424,ReadD.00,dj-reader-1,D.J. Reader,False,NT,DL,D,Clemson,22.0,2023.0,0,0,4,39.0,,21.0,105.0,0.0,0.0,0.0,0.0,0.0,0.0,0.0,0.0,0.0,0.0,0.0,149.0,,9.5
2017,1,1,CLE,00-0033868,GarrMy00,myles-garrett-1,Myles Garrett,False,DE,DL,D,Texas A&M,21.0,2023.0,3,5,6,79.0,,79.0,100.0,0.0,0.0,0.0,0.0,0.0,0.0,0.0,0.0,0.0,0.0,0.0,210.0,,88.5
2017,1,14,PHI,00-0033876,BarnDe01,derek-barnett-2,Derek Barnett,False,DE,DL,D,Tennessee,21.0,2023.0,0,0,3,24.0,,22.0,79.0,0.0,0.0,0.0,0.0,0.0,0.0,0.0,0.0,0.0,0.0,0.0,107.0,,24.0
2017,1,17,WAS,00-0033523,AlleJo01,jonathan-allen-1,Jonathan Allen,False,DE,DL,D,Alabama,22.0,2023.0,0,2,5,48.0,,48.0,101.0,0.0,0.0,0.0,0.0,0.0,0.0,0.0,0.0,0.0,0.0,0.0,225.0,1.0,39.0
2017,2,55,NYG,00-0033546,TomlDa00,dalvin-tomlinson-1,Dalvin Tomlinson,False,DT,DL,D,Alabama,23.0,2023.0,0,0,6,41.0,,24.0,109.0,0.0,0.0,0.0,0.0,0.0,0.0,0.0,0.0,0.0,0.0,0.0,155.0,,16.0
2017,3,65,CLE,00-0033905,OgunLa00,larry-ogunjobi-1,Larry Ogunjobi,False,DT,DL,D,Charlotte,23.0,2023.0,0,0,5,40.0,,20.0,109.0,0.0,0.0,0.0,0.0,0.0,0.0,0.0,0.0,0.0,0.0,0.0,183.0,,26.0
2017,3,74,BAL,00-0033913,WormCh00,chris-wormley-1,Chris Wormley,False,DE,DL,D,Michigan,23.0,2023.0,0,0,3,17.0,,8.0,85.0,0.0,0.0,0.0,0.0,0.0,0.0,0.0,0.0,0.0,0.0,0.0,81.0,,11.0
2017,4,144,IND,00-0033952,StewGr00,,Grover Stewart,False,DT,DL,D,Albany State (GA),23.0,2023.0,0,0,4,31.0,,31.0,107.0,0.0,0.0,0.0,0.0,0.0,0.0,0.0,0.0,0.0,0.0,0.0,164.0,,9.0
2017,5,178,MIA,00-0033860,GodcDa00,davon-gaudchaux-1,Davon Godchaux,False,DT,DL,D,LSU,22.0,2023.0,0,0,4,40.0,,13.0,103.0,0.0,0.0,0.0,0.0,0.0,0.0,0.0,0.0,0.0,0.0,0.0,181.0,,5.5
2017,6,198,SF,00-0033297,JoneD.01,dj-jones-4,D.J. Jones,False,DT,DL,D,Mississippi,22.0,2023.0,0,0,4,34.0,,22.0,92.0,0.0,0.0,0.0,0.0,0.0,0.0,0.0,0.0,0.0,0.0,0.0,144.0,,11.0
2018,1,12,TB,00-0034773,VeaxVi00,vita-vea-1,Vita Vea,False,DT,DL,D,Washington,23.0,2023.0,0,1,3,36.0,,36.0,79.0,0.0,0.0,0.0,0.0,0.0,0.0,0.0,0.0,1.0,1.0,1.0,111.0,,23.5
2018,1,13,WAS,00-0034333,PaynDa00,daron-payne-1,Daron Payne,False,DT,DL,D,Alabama,21.0,2023.0,0,1,5,44.0,,44.0,98.0,0.0,0.0,0.0,0.0,0.0,0.0,0.0,0.0,0.0,0.0,0.0,193.0,1.0,30.0
2018,1,29,JAX,00-0034842,BryaTa00,taven-bryan-1,Taven Bryan,False,DT,DL,D,Florida,22.0,2023.0,0,0,3,19.0,,10.0,96.0,0.0,0.0,0.0,0.0,0.0,0.0,0.0,0.0,0.0,0.0,0.0,74.0,,10.5
2018,3,66,NYG,00-0034360,CartLo01,lorenzo-carter-1,Lorenzo Carter,False,DE,DL,D,Georgia,22.0,2023.0,0,0,4,27.0,,17.0,83.0,0.0,0.0,0.0,0.0,0.0,0.0,0.0,0.0,0.0,0.0,0.0,147.0,2.0,21.5
2018,3,69,NYG,00-0034800,HillB.00,bj-hill-3,B.J. Hill,False,DT,DL,D,North Carolina St.,23.0,2023.0,0,0,3,27.0,,8.0,97.0,0.0,0.0,0.0,0.0,0.0,0.0,0.0,0.0,0.0,0.0,0.0,147.0,2.0,20.5
2018,3,75,KC,00-0034818,NnadDe00,derrick-nnadi-1,Derrick Nnadi,False,DT,DL,D,Florida St.,22.0,2023.0,0,0,4,33.0,,33.0,98.0,0.0,0.0,0.0,0.0,0.0,0.0,0.0,0.0,0.0,0.0,0.0,106.0,1.0,5.0
2018,3,77,CIN,00-0034834,HubbSa00,sam-hubbard-1,Sam Hubbard,False,DE,DL,D,Ohio St.,23.0,2023.0,0,0,4,35.0,,35.0,90.0,0.0,0.0,0.0,0.0,0.0,0.0,0.0,0.0,0.0,0.0,0.0,211.0,,36.5
2018,3,84,LAC,00-0034677,JoneJu03,justin-jones-4,Justin Jones,False,DT,DL,D,North Carolina St.,22.0,2023.0,0,0,4,29.0,,14.0,85.0,0.0,0.0,0.0,0.0,0.0,0.0,0.0,0.0,0.0,0.0,0.0,120.0,,12.0
2018,5,145,CHI,00-0034387,NichBi00,,Bilal Nichols,False,DT,DL,D,Delaware,21.0,2023.0,0,0,4,36.0,,22.0,94.0,0.0,0.0,0.0,0.0,0.0,0.0,0.0,0.0,0.0,0.0,0.0,118.0,1.0,14.0
2019,1,2,SF,00-0035717,BosaNi00,nick-bosa-1,Nick Bosa,False,DE,DL,D,Ohio St.,21.0,2023.0,1,4,3,50.0,,50.0,68.0,0.0,0.0,0.0,0.0,0.0,0.0,0.0,0.0,0.0,0.0,0.0,150.0,1.0,53.5
2019,1,3,NYJ,00-0035718,WillQu00,quinnen-williams-1,Quinnen Williams,False,DT,DL,D,Alabama,21.0,2023.0,1,2,4,43.0,,43.0,74.0,0.0,0.0,0.0,0.0,0.0,0.0,0.0,0.0,0.0,0.0,0.0,157.0,1.0,33.0
2019,1,9,BUF,00-0035230,OlivEd00,ed-oliver-2,Ed Oliver,False,DT,DL,D,Houston,21.0,2023.0,0,0,3,37.0,,37.0,78.0,0.0,0.0,0.0,0.0,0.0,0.0,0.0,0.0,0.0,0.0,0.0,130.0,1.0,24.0
2019,1,13,MIA,00-0035231,WilkCh00,christian-wilkins-1,Christian Wilkins,False,DT,DL,D,Clemson,23.0,2023.0,0,0,4,34.0,,34.0,81.0,0.0,0.0,0.0,0.0,0.0,0.0,0.0,0.0,2.0,2.0,2.0,204.0,1.0,20.5
2019,1,16,CAR,00-0035713,BurnBr00,brian-burns-2,Brian Burns,False,DE,DL,D,Florida St.,21.0,2023.0,0,2,3,36.0,,36.0,80.0,0.0,0.0,0.0,0.0,0.0,0.0,0.0,0.0,0.0,0.0,0.0,151.0,,46.0
2019,1,17,NYG,00-0035683,LawrDe03,dexter-lawrence-1,Dexter Lawrence,False,DT,DL,D,Clemson,21.0,2023.0,0,2,3,44.0,,44.0,80.0,0.0,0.0,0.0,0.0,0.0,0.0,0.0,0.0,0.0,0.0,0.0,148.0,,21.0
2019,1,19,TEN,00-0035643,SimmJe01,jeffery-simmons-1,Jeffery Simmons,False,DT,DL,D,Mississippi St.,22.0,2023.0,0,2,4,42.0,,42.0,68.0,0.0,0.0,0.0,0.0,0.0,0.0,0.0,0.0,1.0,2.0,1.0,139.0,,26.5
2019,1,26,WAS,00-0035647,SweaMo00,montez-sweat-1,Montez Sweat,False,DE,DL,D,Mississippi St.,23.0,2023.0,0,1,3,36.0,,29.0,76.0,0.0,0.0,0.0,0.0,0.0,0.0,0.0,0.0,0.0,0.0,0.0,137.0,1.0,41.5
2019,3,65,ARI,00-0035248,AlleZa01,zach-allen-5,Zach Allen,False,DE,DL,D,Boston Col.,22.0,2023.0,0,0,3,21.0,,16.0,62.0,0.0,0.0,0.0,0.0,0.0,0.0,0.0,0.0,0.0,0.0,0.0,106.0,1.0,16.5
2019,4,106,OAK,00-0034973,CrosMa00,maxx-crosby-1,Maxx Crosby,False,DE,DL,D,Eastern Michigan,22.0,2023.0,0,3,4,47.0,,47.0,83.0,0.0,0.0,0.0,0.0,0.0,0.0,0.0,0.0,0.0,0.0,0.0,205.0,,52.0
2020,1,7,CAR,00-0036220,BrowDe05,derrick-brown-6,Derrick Brown,False,DT,DL,D,Auburn,22.0,2023.0,0,1,3,28.0,,28.0,66.0,0.0,0.0,0.0,0.0,0.0,0.0,0.0,0.0,0.0,0.0,0.0,135.0,2.0,8.0
2020,2,56,MIA,00-0036213,DaviRa03,raekwon-davis-1,Raekwon Davis,False,DT,DL,D,Alabama,23.0,2023.0,0,0,3,22.0,,22.0,63.0,0.0,0.0,0.0,0.0,0.0,0.0,0.0,0.0,0.0,0.0,0.0,59.0,,2.0
